Red Roof Inn Gurnee - Waukegan,47,47,47,90,80,51,51,51,51,70,70,70,51,51,51,51,70
Red Roof PLUS Chicago - Naperville,93,72,72,72,72,72,81,81,72,66,66,66,66,99,99,104,104,72,104,72
Holiday Inn Express Hotel & Suites Chicago-Deerfield/Lincoln,104,142,142,142,142,142,95,90,134,134,134,134,134,129,129,134,134,134,134,134
Hilton Garden Inn Chicago / Oak Brook,89,139,139,189,139,101,105,114,84,99,119,119,101,159,159,135,159,184,135
LondonHouse Chicago Curio Collection by Hilton,189,199,199,199,199,189,189,189,199,199,199,199,189,189,224,224,224,269,269
Quality Inn Schaumburg,104,99,104,119,104,99,99,89,89,99,109,109,119,107,89,98,98,98,98
Crowne Plaza Lombard Downers Grove,109,124,157,159,126,92,105,109,104,117,117,117,131,148,115,152,165,165,162
HYATT house Chicago/Naperville/Warrenville,149,139,149,149,129,149,149,169,149,139,169,189,189,139
Chicago South Loop Hotel,129,129,129,129,129,169,188,161,121,116,116,116,161,206,179,179,152,152,152
Extended Stay America - Chicago - Schaumburg -Convention Ctr,75,70,70,70,70,65,75,81,62,71,66,66,62,71,81,66,66,66,66,66
Chicago Marriott O'Hare,160,240,240,240,240,240,140,140,140,140,200,200,200,160,160,240,230,230,230
Courtyard by Marriott Chicago Lincolnshire,139,159,169,169,144,104,104,104,104,139,139,139,149,134,143,180,139
Staybridge Suites Aurora/Naperville,134,139,139,149,139,154,119,98,139,139,139,143,143,110,134,139,164,164,139
Springhill Suites by Marriott Chicago Schaumburg,109,129,169,169,149,109,89,89,89,109,109,109,109,99,99,109,159,169,109
Holiday Inn Express Crestwood,130,140,124,124,124,170,120,109,109,109,117,126,117,117,126,126,130
WoodSpring Suites Chicago Romeoville,70,70,70,70,70,80,80,70,70,70,70,70,80,80
The Westin Chicago Northwest,125,145,145,145,129,99,129,79,109,109,109,79,79,129,169,219,219,139
Extended Stay America - Chicago - Lombard - Yorktown Center,105,105,105,105,105,105,105,100,100,100,100,100,90,100,100,85,90,85,90,104
TownePlace Suites by Marriott Joliet South,169,124,124,124,124,149,149,161,161,161,152
Motel 6 Chicago South-Lansing,56,56,56,56,56,56,56,56,56,56,56,56
Hyatt Place Chicago Warrenville,124,149,159,149,119,119,124,109,119,129,129,134,124,149,149,144,129
Corporate Suites Network At Columbus Plaza,185,185,185,185
Motel 6 Bridgeview,60,60,60,60,60,80,86,70,70,55,55,55,75,75,55,55,55,55,70
Comfort Inn Gurnee,100,100,100,100,110,120,155,110,110,110,110,110,120,110,110,110,110,110
Crowne Plaza Chicago Metro,169,179,249,189,159,159,159,159,139,139,159,159,169,239,189,179
Holiday Inn Express Hotel & Suites Chicago-Midway Airport,180,220,220,230,219,209,162,146,180,180,189,189,180,146,146,180,180,189,189,198
Super 8 - Elgin,99,74,74,74,74,74,75,64,64,64,63,63,63,71,76,63,63,64,64,64
Warwick Allerton Hotel Chicago,169,104,111,111,111,104,133,153,118,104,104,111,118,174,209,140,204,198,198,189
Country Inn Suites Matteson,115,90,90,90,90,90,129,159,90,90,90,90,90,129,129,90,90,90,90,90
Homewood Suites by Hilton Chicago-Lincolnshire,119,139,179,127,84,149,194,144,219,194
Fairfield Inn & Suites Chicago Downtown/River North,130,215,210,140,140,155,135,150,150,150,150,175,170,210,210,230
Southland Inn & Suites,77,77,77,77,77,77,77,77,77,77,103,103,77,77,77,77,77
Holiday Inn Gurnee Convention Center,209,104,109,109,109,109,129,137,114,98,98,98,98,135,135,126,153,153,153,108
Hampton Inn Chicago-Midway Airport,190,220,220,230,230,187,144,144,178,210,220,220,178,144,144,178,210,220,220,178
River Hotel,144,124,154,148,112,130,206,121,103,103,130,130,157,130,184,229,184,166
Red Roof Inn Chicago - O'Hare Airport,76,54,54,54,54,54,71,71,61,66,66,66,66,71,71,61,66,66,66,66
Hilton Garden Inn Naperville/Warrenville,119,139,169,179,149,149,97,97,93,119,149,149,149,114,110,189,189,209,179
Lincolnshire Marriott Resort,149,199,269,259,199,159,119,139,129,179,199,169,189,159,161,197,260,305,251,188
Hyatt Place Chicago/Downtown - The Loop,179,251,171,161,161,153,143,153,161,179,224,179,306,296,224
Chicago Getaway Hostel,103,69,59,69,59,69,109,109,89,89,89,89,99,125,135,89,89,89,89,99
Armada Hotel & Conference Center,89,74,74,74,74,74,85,85,74,74,74,74,74,85,85,74,74,74,74,74
Best Western Plus Antioch Hotel & Suites,200,140,140,140,140,140,200,200,140,150,150,200,150,140,150,150,140
Holiday Inn Express Hotel & Suites Chicago O'Hare,149,129,141,141,141,141,109,119,99,99,103,103,103,126,135,121,135,135,135,135
Presidential Inn,58,49,45,45,45,45,67,67,49,45,45,45,45,49,49,45,45,45,45,45
Best Western Inn of St. Charles,100,100,100,100,100,120,120,110,100,100,100,100,120,120,100,100,100,100,100
AmericInn Lodge & Suites Oswego,125,116,140,130,116,116,116,116,116,123,116,116,116,116,116
Embassy Suites Chicago Naperville,139,139,169,199,204,159,179,152,118,118,135,135,135,189,179,118,135,144,144,135
Comfort Suites Oakbrook Terrace Chicago,109,119,119,119,119,119,139,101,93,101,101,101,149,95,95,95,119,111
DoubleTree by Hilton Libertyville - Mundelein,149,179,169,149,103,87,87,87,109,139,149,103,103,119,169,169,169,119
Hyatt Place Chicago-South/University Medical Center,179,259,299,199,179,189,170,170,170,170,229,259,218,284,265,359,379
Geneva Motel Inn,97,70,72,72,72,72,75,75,75,72,72,72,72,72,72,70,72,72,72,72
Chicago Athletic Association,192,192,207,300,192,192,146,169,253,146,161,161,161,253,269,161,269,246,246
Chinatown Hotel Chicago,75,75,75,75,75,90,90,95,90,80,80,80,85,85,85,80,85,85,85
SpringHill Suites Chicago O'Hare by Marriott,129,109,109,119,129,109,119,119,119,119,129,159,149,129,129,119,149,149,149,179
Hampton Inn & Suites Chicago-Libertyville,124,139,119,119,119,119,169,118,118,119,119,119,101,101,119,169,169,101
Sheraton Grand Chicago,189,219,259,149,139,179,149,149,189,199,189,179,309,199,279,229,229,229
Residence Inn Marriott Chicago Midway,200,250,250,260,260,250,190,190,230,230,240,240,230,190,171,230,230,240,240,230
Hilton Garden Inn Bolingbrook I-55,119,119,189,179,119,119,119,119,119,159,159,127,169,119,135,135,135,179
Palomar Chicago a Kimpton Hotel,170,127,167,215,167,151,161,229,161,161,212,229,305,322,135,229,280,305,322
Eaglewood Resort and Spa,116,116,116,116,116,116,116,116,116,116,116,116,116,116
Renaissance Chicago O'Hare Suites Hotel,109,179,179,179,99,99,99,99,99,129,159,139,143,152,116,269,269,233,152
Holiday Inn Express Chicago - Schaumburg,110,105,95,95,95,95,100,95,90,90,90,90,90,103,107,95,95,95,95,95
Aloft Chicago O'Hare,129,149,159,149,99,99,99,109,109,109,109,143,149,159,175,199,189
Ginosi Chicago Apartel,
Sleep Inn Lansing,140,90,95,95,95,95,150,150,135,111,94,110,110,136,128,76,84,88,88,84
Four Points by Sheraton Chicago O'Hare Airport,95,103,111,103,95,95,95,95,95,103,111,103,111,111,119,127,127,127,119
Hyatt Place Chicago/Hoffman Estates,99,94,129,129,129,99,109,109,94,109,109,109,109,129,89,104,151,142
Crossland Economy Studios - Chicago - Waukegan,55,55,55,55,55,55,55,55,55,55,70,70,55,55,55,55,85
Hyatt Regency McCormick Place,169,229,229,189,139,154,134,134,134,134,134,164,164,194,254
Candlewood Suites Aurora-Naperville,99,109,109,109,95,90,90,90,108,108,103,103,103,94,112,103,126,117
Baymont Inn & Suites Chicago / Alsip,99,99,99,99,99,119,119,119,109,99,99,119,119,99,99,99,99,99
Comfort Inn O'Hare - Convention Center,109,99,99,99,99,99,110,99,99,99,119,129,109,99,109,109,119,129
Americas Best Value Inn & Suites-Waukegan/Gurnee,70,70,70,70,70,70,70,70,70,70,70,70,70,70,70,70,70,70,70
The Herrington Inn & Spa,144,144,135,135,212,229,135,135,135,135,135,259,135,135,179,152,152
Candlewood Suites Chicago/Naperville,109,109,117,128,104,110,102,88,87,98,98,96,124,99,91,98,96,102,102
ACME Hotel Company Chicago,169,149,169,214,149,174,179,219,149,149,149,149,149,199,289,149,244,204,199,189
The Kimpton Gray Hotel,
Wicker Park Place,299,299,299,499,499,499,499,299,299,399,299,299,299,399
Motel 6 Joliet - I-80,59,59,59,59,59,59,59,59,59,59,59,59,132,132,132,59,59,59,59
The Whitehall Hotel,178,135,195,152,152,152,178,229,169,127,126,169,169,203,153,174,181,160,153
Hilton Garden Inn Addison,129,129,139,139,110,129,110,104,122,122,122,104,104,118,135,159,199,169,119
Magnolia Studios,169,169,149,149,149,149,149,149
Motel 6 Prospect Heights IL,56,56,56,56,56,56,60,65,66,59,56,56,56,60,60,56,56,56,56,56
Red Roof Inn Chicago Downtown Magnificent Mile,107,107,98,85,85,144,162,135,108,99,99,120,180,207,139,148,148,121,135
Budgetel Inn Glen Ellyn,54,54,54,54,54,54,54,54,54,54,54,54,54,54,54,54,54,54,54,54
Crowne Plaza Chicago SW - Burr Ridge,
Crowne Plaza Chicago-Northbrook,139,104,133,239,119,79,79,74,74,74,89,89,89,108,108,90,121,121,121,108
Urban Holiday Lofts,170,78,76,76,76,76,74,38,96,100,100,128,112,104,104,106,122
Hampton Inn & Suites Bolingbrook,97,164,169,144,105,97,97,97,114,114,124,105,169,148,112,112,112,157
Hyatt Place Chicago/River North,125,259,206,143,143,161,161,170,170,170,206,170,224,224,224,224
Country Inn & Suites By Carlson Naperville IL,141,156,151,149,131,129,129,107,107,116,125,126,149,125,127,131,138,130
Comfort Suites,139,129,114,114,114,114,119,144,118,97,97,97,97,135,127,91,91,91,91,91
Extended Stay America Chicago-Rolling Meadows-Convention Ctr,85,65,70,70,70,65,75,81,62,66,66,66,62,71,81,62,66,66,66,62
Travelodge Hotel Downtown,199,119,139,119,119,119,169,135,118,101,101,101,101,169,118,135,118,118,118
AmericInn Hotel & Suites Schaumburg,70,90,90,90,90,90,95,95,90,90,90,90,90,115,115,100,100,100,100,100
The Westin O'Hare,167,175,199,239,95,95,95,103,103,103,135,135,143,151,191,215,207,239
Hampton Inn & Suites Chicago-North Shore/Skokie,199,159,169,169,169,144,118,152,118,125,125,125,118,209,199,135,144,152,152,152
Chicago Marriott Suites Deerfield,104,219,249,289,152,127,93,79,93,105,145,145,145,135,135,219,237,289,289,219
Holiday Inn Mt. Prospect Chicago,99,104,104,104,104,104,95,98,90,80,80,98,98,90,90,103,113,113,113,113
La Quinta Inn Chicago Willowbrook,109,89,89,89,89,89,109,109,109,99,105,105,119,129,129,99,99,99,99,109
Holiday Inn Rolling Meadows - Schaumburg Area,120,105,100,96,96,96,115,115,100,100,91,91,91,145,91,91,91,109,95
Clubhouse Inn Westmont,88,88,97,97,97,98,115,93,93,93,93,93,93,93,93,93,93
Chicago Downtown Condo - Michigan Ave Suite ID #14-15,
Regal Inn - Chicago O'Hare Aiport,84,65,65,65,65,65,101,80,66,66,66,66,66,73,73,66,66,66,66,66
Hampton Inn Chicago / Tinley Park,169,129,139,169,129,110,209,118,169,129,129,189,189,144,149,169,169,169
Motel 6 Chicago Joliet I-55,56,56,56,56,56,74,74,70,70,70,70,70,76,70,70,70,66,70
Howard Johnson Lansing IL,
Country Inn & Suites By Carlson Elk Grove Village at I-290,119,99,99,99,99,99,111,99,99,99,99,99,99,99,95,99,107,107,123
Best Western Chicagoland - Countryside,130,90,99,103,101,101,97,101,88,88,97,97,97,114,114,97,114,114,114,141
Sleep Inn Tinley Park,139,84,94,80,71,67,139,164,80,71,80,80,84,129,75,75,75,75
Extended Stay America Chicago - Hillside,115,80,95,95,95,95,115,109,76,76,85,85,81,109,109,76,90,90,90,90
DeWitt Place,105,115,115,140,140,120,115,94,160,160,160,160,160,160,160,160
Days Inn and Suites Romeoville,90,65,65,65,65,65,90,90,90,90,75,75,85,105,75,75,75,75
Holiday Inn Hotel & Suites Chicago - Carol Stream - Wheaton,150,130,149,220,131,121,134,127,109,109,109,109,109,117,117,114,123,133,133,123
Extended Stay America Chicago - Romeoville,65,70,75,75,75,80,85,66,66,66,66,95,114,114,62,66,66,66,66
Residence Inn by Marriott Waukegan/Gurnee,179,109,169,179,279,139,149,149,119,129,139,149,129,179,179,129,179,179,179,159
Red Roof Inn Chicago - Downers Grove,88,63,67,67,67,67,75,75,67,67,67,67,67,88,88,73,73,67,73,76
Sonesta ES Suites Schaumburg Chicago,139,129,139,139,179,139,139,139,159,199,199,149,149,149,129,179,189,199,149
Omni Chicago Hotel,242,197,242,215,215,197,215,215,188,188,215,360,269,269,197,269,269,269,269
Residence Inn by Marriott Chicago Naperville/Warrenville,140,140,180,200,127,119,110,130,140,150,127,127,170,180,119
Kinzie Hotel,179,149,210,146,183,210,155,137,192,174,161,183,201,164,220,247,220,192
DoubleTree by Hilton Chicago - Alsip,159,139,149,149,149,119,127,189,95,119,129,139,111,139,111,149,149,159,135
Carleton of Oak Park,202,134,134,134,134,134,182,202,172,134,134,134,134,144,182,172,172,134,134,134
Steps to Everything - Navy Pier Suite ID #30,
Clarion Hotel & Convention Center Joliet,98,94,94,94,94,94,120,96,96,96,96,96
The Tremont Chicago Hotel at Magnificent Mile,412,127,149,149,149,131,134,149,134,134,134,134,134,172,187,134,149,172,172
Country Inn And Suites Zion,209,139,139,139,139,169,139,169,139,139,139,139,139,159,135,127,118,118,118,127
Illinois Beach Resort and Conference Center,194,110,110,110,110,110,131,110,110,142,194,121,121,121,121,121
Hilton Garden Inn Lake Forest Mettawa,119,149,249,209,159,80,119,80,94,119,159,119,209,169,209,239,209,118
14 East B&B,
Comfort Suites O'Hare Airport,99,89,99,109,109,99,109,115,89,89,119,119,109,109,107,89,116,116,125,125
Courtyard by Marriott Chicago Wood Dale,99,99,139,139,125,71,80,99,119,119,107,79,79,89,149,149,125
IHSP Chicago Hostel,150,90,90,90,90,150,150,90,90,90,90,110,150,90,90,90,90,90
American Inn & Suites,59,49,49,49,49,75,95,95,90,90,59,59,75,75,75,70,70,70,70
Extended Stay America Chicago- Woodfield Mall-Convention Ctr,100,90,90,90,90,90,90,85,85,85,85,85,85,85,85,85,85,85,85,85
House 5863 Bed and Breakfast,110,135,152,161,144,110,144,135,144,144,110,110,135
Days Inn & Suites Arlington Heights,80,70,75,75,75,75,80,68,59,64,64,64,64,68,68,59,64,64,64,64
Hilton Garden Inn Chicago/Tinley Park,129,129,209,149,149,129,129,179,219,199,169
Chicago Marriott Downtown Magnificent Mile,229,249,289,249,199,178,209,169,169,199,199,199,206,315,289,299,299,299,249
The Westin Lombard Yorktown Center,132,151,188,159,127,128,128,108,108,151,245,167,142,142,151,151,175,167,151
Hilton Garden Inn Chicago North Shore/Evanston,204,169,169,169,169,169,174,174,159,159,164,179,127,156,274,135,209,209,209
Residence Inn by Marriott Chicago Oak Brook,149,149,159,143,143,107,107,107,107,107,161,161,179,179,134,197,197,197,134
Skylark Motel,110,90,90,90,90,90,110,110,90,90,90,90,90,90,90
La Banque Hotel,200,200,200,200,200,210,210,200,200,200,200,200,200,200,200,220,200
Extended Stay America - Chicago - Naperville - East,75,65,70,85,85,70,80,81,66,81,81,81,66,90,95,66,66,71,76,66
Fairfield Inn & Suites Chicago Downtown / Magnificent Mile,109,139,139,179,139,139,149,149,149,219,159,199,199,219,189
Red Roof Inn Chicago - Schaumburg,60,60,60,63,80,80,80,75,60,60,63,63,65,65,60,60,60,63,63
Wyndham Garden Hotel - Buffalo Grove,72,88,80,80,80,80,80,72,72,72,80,80,80,80,80,80,80,80,80,80
Fairfield Inn and Suites By Marriott St Charles,149,159,129,129,139,109,109,119,119,119,159,159,139,139,149,149,139
Ginosi Basics Loop Apartel,111,111,111,111,111,160,172,180,180,180,180,180,215,215,212,237,237,237,237
Super 8 McHenry,90,72,72,72,72,72,90,90,90,79,79,79,79,90,90,79,79,79,79,79
Hampton Inn & Suites Minooka,169,129,169,149,169,118,110,110,110,149,149,169,127,169,127,149,149,149,118
The Peninsula Chicago,399,500,450,450,399,399,450,399,399,399,450,399,465,499,399,450,450,450,499
Super 8 Woodstock,65,65,65,65,65,70,68,55,55,55,55,55,59,59,55,55,55,55,55
By The Way Motel,
The Lotus Suites at Midlane,123,113,113,113,113,113,113,113,113,113,113,113,113,113
Howard Johnson Addison O'Hare Airport,65,55,55,55,55,55,80,90,75,65,65,65,65,80,80,65,65,65,65,65
The Wheeler Mansion,235,235,235,235,235,295,295,295,295,295,295,295,295,295,295,295
Super 8 Crystal Lake,89,74,74,74,74,74,84,71,76,71,63,63,63,84,84,63,63,71,63,71
Presidential Inn & Suites,62,58,58,58,58,62,58,58,58,58,62,58,58,58,58
Holiday Inn Chicago Matteson Conf Center,154,89,85,85,85,85,133,80,80,80,80,80,126,126,80,80,80,80,80
Quality Inn Elgin,82,82,70,70,70,74,74,74,70,70,70,70,81,76,70,74,74,74,76
Hyatt Centric The Loop Chicago,134,134,332,474,218,134,134,179,161,142,170,218,179,179,224,161,284,332,284,242
Hampton Inn & Suites Chicago/Hoffman Estates,99,93,119,149,109,84,129,129,129,149,109,109,84,119,101,93,119,149,149,127
Residence Inn Chicago Wilmette,200,170,170,170,170,170,160,160,160,160,170,160,180,200,180,190,190,190
DoubleTree by Hilton Chicago O'Hare Airport - Rosemont,159,159,219,199,159,111,95,95,119,119,139,139,111,159,179,179
Loews Chicago O'Hare Hotel,139,269,269,199,139,119,119,139,139,139,139,139,139,139,279,239,199
Baymont Inn & Suites Glenview,109,93,93,93,93,93,93,93,93,93,93,93,93,93,93,93,93,93,93,93
Sleep Inn Lake Bluff,72,72,72,105,94,72,72,72,72,117,117,94,72,72,72,72,110
Extended Stay America Chicago - Lansing,120,85,90,90,90,90,175,157,81,85,81,85,85,104,119,81,85,85,85,85
Holiday Inn Express Palatine,114,107,111,116,107,107,97,111,107,102,102,105,105,162,119,105,105,110,110,105
Best Western At O'Hare,120,106,120,120,120,120,100,88,80,80,88,88,88,92,92,88,104,104,104,104
Hotel Allegro a Kimpton Hotel,199,134,187,119,119,119,119,119,119,119,119,194,209,142,609,609,209,157
Super 8 Romeoville Bolingbrook,75,50,50,50,50,50,60,51,47,47,47,47,55,81,81,47,47,47,47,47
Wingate by Wyndham Arlington Heights,97,89,97,97,97,97,89,89,101,110,110,110,110,101,101,101,110,110,110,110
Hyatt Chicago Magnificent Mile,189,189,294,294,161,180,180,161,161,161,161,161,218,218,180,332,263,237
Conrad Chicago,
Sleep at Southport and Irving,185,285,285,185
Hotel Indigo Chicago Downtown Gold Coast,94,199,142,133,149,99,114,114,154,209,119,165,179,165,165
Candlewood Suites Chicago/Libertyville,129,87,83,88,104,91,104,86,80,80,72,72,72,110,109,72,77,111,88,85
The Westin Michigan Avenue Chicago,249,199,299,299,259,159,159,219,239,199,199,199,159,199,199,199,249,269,269,289
Holiday Inn Chicago North-Evanston,219,153,153,153,153,124,124,136,136,136,136,136,136,163,227,136,172,181,172,172
InterContinental Chicago Magnificent Mile,219,239,336,153,178,306,144,187,209,209,209,209,306,228,266,316,275,237
TownePlace Suites by Marriott Chicago Elgin-West Dundee,94,119,104,119,104,104,89,89,89,99,99,104,104,114,139,144,139
Days Inn Chicago,129,129,139,129,179,135,144,161,169,212,209,118,118,118,118,110
Holiday Inn & Suites Chicago-O'Hare/Rosemont,129,181,181,171,117,114,114,108,93,102,102,102,123,123,135,153,180,171
Motel 6 Chicago - Elk Grove,60,50,50,50,50,50,60,60,56,50,50,50,50,60,60,50,50,50,50,50
Courtyard by Marriott Chicago Downtown River North,199,189,269,199,199,189,189,169,169,161,161,161,188,207,188,242,269,269,197
Baymont Inn & Suites Mundelein Libertyville Area,120,100,100,100,130,130,100,85,100,85,100,75,85,100,100,85,85,85,85,85
Hampton Inn & Suites Rosemont Chicago Oâ€™Hare,159,139,169,179,159,101,101,101,101,107,107,107,127,139,139,127,179,199,199
Fairmont Chicago at Millennium Park,172,172,232,239,194,157,172,172,157,157,157,172,172,157,209,194,209,194
Fairfield Inn & Suites Chicago Tinley Park,170,140,160,160,150,170,140,140,140,150,190,171,171,171,160,135
Stay Inn Lombard,80,72,72,72,72,72,80,80,72,72,72,72,72,80,78,70,70,70,70,70
The Talbott Hotel,225,185,275,245,235,185,215,325,225,185,185,215,225,275,259,191,174,217,268,183
Motel 6 Chicago NW - Rolling Meadows,50,46,46,46,46,56,56,46,46,46,46,46,56,56,46,46,46,46,46
Sleep Inn - Naperville,95,95,95,95,95,95,95,95,95,95,95,95,95,95,95,95,95,95,95
Holiday Inn O'Hare,100,110,110,110,96,96,96,86,86,91,99,99,109,109,109,136,136,136,140
Holiday Inn & Suites Chicago - Downtown,139,109,181,219,171,114,152,153,119,119,128,179,128,162,227,227,227,162
Hilton Chicago O'Hare Airport,259,309,299,259,229,111,139,151,151,183,183,183,169,111,299,299,299,299,299
Oakwood Millennium Park Plaza,
Fairfield Inn & Suites Chicago Schaumburg,
Homewood Suites by Hilton Chicago Downtown/Magnificent Mile,199,199,284,199,199,199,199,199,224,239,239,254,224,284,284,241
Hilton Garden Inn Chicago/O'Hare Airport,139,139,179,179,159,101,101,101,101,119,119,119,101,110,110,149,169,179
Quality Inn Ohare Airport,110,90,90,90,90,90,90,90,90,90,90,90,90,90,90,90,90,90,90
Best Western Woodstock Inn,80,80,80,80,80,90,80,85,80,85,80,90,85,68,72,68,68,68
Super 8 Chicago/Rosemont/Ohare/SE,110,80,80,80,80,80,100,85,72,72,72,72,72,85,85,72,72,72,72,72
Hampton Inn & Suites Addison,109,99,119,159,119,93,93,84,101,99,119,119,101,101,130,93,139,159,159
Best Western Des Plaines Inn,85,95,130,130,130,130,130,130,130,130,130,130,150,150,150,150,130,130,130
La Quinta Inn Chicago Oakbrook Terrace,99,95,89,89,95,89,105,105,109,109,105,105,109,109,109,109,109,105,109,115
The Westin Chicago North Shore,123,174,246,246,246,144,93,93,93,169,191,158,169,127,127,183,237,339,169
Holiday Jones,57,59,50,48,59,92,55,59,48,48,113,103,103,109,124
Wingate by Wyndham - Joliet,119,119,119,119,119,109,93,118,118,118,118,118,149,84,84,84,84,84
Best Western Plus Oakbrook Inn,95,79,105,105,105,105,105,120,105,105,105,105,250,300,300,79,93,93,93,299
Super 8 Gurnee,139,75,75,75,75,75,89,99,85,85,85,85,85,89,89,85,85,85,85,85
Comfort Inn Arlington Heights - Chicago,119,109,109,119,109,109,109,113,94,85,104,104,104,104,95,87,103,103,111,103
Hotel Indigo Vernon Hills,109,129,156,174,146,119,80,80,73,73,76,76,112,129,145,150,150,145
Courtyard by Marriott Elgin West Dundee,119,129,129,139,134,109,99,89,89,99,119,119,104,109,109,124,129,159,159,129
Hawthorn Suites by Wyndham Chicago Hoffman Estates,89,75,75,75,75,75,75,75,75,75,75,75,75,75,75,75,94,94,94,94
Hampton Inn Majestic Chicago Theatre District,161,144,135,135,135,179,189,209,209,239,239,229,239
Embassy Suites Chicago - North Shore/Deerfield,119,149,152,129,119,119,161,152,152,152,118,127,259,259,118
Embassy Suites Chicago - Lombard - Oak Brook,119,159,179,184,179,135,169,169,135,159,159,159,135,169,159,135,189,229,209,152
Chicago Marriott Midway,200,250,270,270,270,250,190,161,233,233,252,221,204,161,161,204,204,221,221,204
Residence Inn by Marriott Chicago Downtown Magnificent Mile,229,159,309,159,159,175,175,159,159,159,159,159,209,209,170,206,206,206,206
Hilton Garden Inn Chicago Downtown Magnificent Mile,140,140,160,180,120,140,180,180,160,160,140,140,180,153,200,295,295,255
Comfort Suites Elgin,119,99,99,99,99,99,116,99,99,71,76,76,76,135,159,77,79,79,127,127
Candlewood Suites Chicago-O'Hare,124,105,124,131,128,109,109,93,93,93,93,93,93,93,109,93,109,114,120,120
Hampton Inn Chicago - Carol Stream,119,124,144,119,101,84,84,101,119,119,119,101,149,149,101,119,139,134,101
Thompson Chicago,289,229,269,299,249,289,369,439,249,229,229,249,249,379,459,229,289,409,489,369
DoubleTree Suites by Hilton Htl & Conf Cntr Downers Grove,129,139,179,179,159,139,119,239,87,87,119,119,139,159,159,159,159,159
Holiday Inn Express Hotel & Suites Chicago - Libertyville,130,90,110,110,130,130,86,105,105,134,79,101,122,132,130
Super 8 Aurora/Naperville Area,69,69,69,69,79,79,71,63,63,63,63,67,67,67,63,63,63,63,67
Courtyard by Marriott Chicago Elmhurst/Oakbrook Area,119,119,109,109,109,109,129,129,109,109,109,129,129,159,146,119,129,169,146
Best Western Chicago Southland,150,120,120,120,120,120,143,122,115,115,106,106,106,122,122,106,106,106,106,106
Motel 6 Elk Grove Village - O'Hare,60,60,60,60,60,70,70,65,65,60,60,60,63,63,60,60,60,60,60
La Quinta Inn Chicago Matteson,115,75,75,75,75,75,145,145,105,105,89,89,89,125,125,95,87,85,87,87
Homewood Suites by Hilton Chicago Downtown,139,129,189,135,144,144,189,249,169,279,144,249,144,259,339,186
Chicago Guest House on Henderson Street,
Millennium Knickerbocker,159,159,159,199,159,143,143,143,143,179,179,170,206,161,161,169,169,161
M Star Calumet Park,60,60,60,60,60,60,60,60,70,70,60,60,60,60,60
Wicker Park Inn,109,109,149,149,149,159,169
Corporate Suites Network At Presidential Towers,
Red Roof Inn Chicago - Lansing,55,55,55,55,55,81,81,55,55,55,55,55,81,81,55,55,55,55,55
Country Inn Suites Romeoville,139,109,119,119,119,119,124,134,109,109,109,109,119,159,93,118,118,118,110
Residence Inn by Marriott O'Hare,169,239,249,249,199,189,129,129,129,129,139,139,139,149,149,179,199,199,199
Holiday Inn Chicago-Mart Plaza River North,189,190,161,136,144,153,129,129,129,179,136,153,225,127,169
Fairfield Inn & Suites by Marriott Lombard,119,114,114,103,103,107,107,103,103,103,112,107,107,112,107,103,130,125
Country Inn & Suites Chicago O'Hare NW,87,129,129,129,129,119,109,119,119,119,119,129,119,119,119,101,129,139,139,149
Sheraton Chicago Northbrook Hotel,129,129,169,169,119,129,129,109,129,134,134,116,134,134,118,165,165,127
Motel 6 Harvey IL,58,58,58,58,58,70,70,70,70,58,58,58,65,65,58,58,58,58,58
Extended Stay America - Chicago- O'Hare - Allstate Arena,115,110,115,125,125,120,100,119,100,95,114,95,95,114,128,100,104,100,114,119
Holiday Inn Chicago Northwest-Elgin,114,124,119,119,99,95,95,99,95,90,104,104,90,90,103,116,116,117,116
Residence Inn By Marriott Chicago Lombard,159,169,169,169,179,169,139,139,169,169,169,169,169,169,169,169,179,169,169
Wyndham Garden Elk Grove Village/O'Hare,109,109,129,129,129,119,109,98,98,107,107,107,98,107,107,98,125,125,125,107
Hampton Inn & Suites Chicago/Mt. Prospect,124,134,159,159,149,149,114,134,114,114,149,149,127,105,105,134,189,189,179,127
Extended Stay America - Chicago - Hanover Park,85,85,85,85,85,85,85,81,81,81,81,81,81,81,81,81,81,81,81,81
Springhill Suites by Marriott Chicago Downtown/ River North,150,150,490,190,140,140,170,155,155,160,160,160,180,185,210,240,230,210
Steps to Everything GOLD COAST SUITE ID #10,
Hampton Inn by Hilton Joliet I-55,159,149,159,159,159,127,109,109,93,109,149,149,189,159,159,159,127
Hilton Chicago/Oak Brook Hills Resort & Conference Center,87,151,159,119,95,119,199,127,111,87,119,111,159,103,143,151
Holiday Inn Hotel & Suites Bolingbrook,116,148,158,158,111,111,111,100,100,140,140,209,189,105,150,150,150,132
DoubleTree by Hilton Chicago - Magnificent Mile,104,146,146,139,118,118,230,230,230,118,118,118,183,118,153,153,164,139
Super 8 O'Hare/Chicago/Elk Grove Village,85,75,75,75,75,75,88,80,80,75,75,75,75,85,85,80,75,80,75,80
Courtyard by Marriott Chicago Glenview/Northbrook,129,124,139,169,129,119,104,104,99,99,139,139,129,129,129,119,179,179,179,149
Palos Motel,55,47,47,47,47,59,59,55,45,45,45,45,59,59,55,45,45,45,45
Saratoga Motel,
Stan Mansion Suite,198,198,198,198,198,198,198,198,198,198,198,198
Hampton Inn Chicago Elgin I 90,99,99,99,104,104,84,84,84,84,99,99,99,99,99,84,99,99,119
Hotel Arista at CityGate Centre,159,179,179,199,199,179,179,179,179,179,179,179,179,159,159,199,179,197,197,179
Hyatt Regency Chicago,159,159,259,279,259,159,179,219,149,149,149,169,184,179,265,189,239,219,279,189
South Holland Inn,50,50,50,50,50,50,50,50,50,50,50,50,50,50,50,50,50,50,50,50
Sun Inn Motel,57,55,55,55,55,55,55,55,55,55,55,55,55,60,55,55,55,55,55
Lexington Inn & Suites - Joliet/ Plainfield/ I-55 North,85,85,85,76,76,81,81,76,76,144,144,144,144,76,76
Country Inn & Suites By Carlson Tinley Park IL,143,118,124,137,124,124,184,158,124,125,156,184,189,138,115,116,130,137
Stardust Motel,63,63,63,63,63,63,63,63,63,63,63,63,63,63,63,63,63,63,63,63
American Midwest Hotel Niles,
Super 8 Joliet I-55 N/Chicago,70,70,70,70,70,90,76,68,68,68,68,101,68,68,68
Holiday Inn Express Hotel & Suites Chicago-Oswego,135,129,139,129,129,130,135,109,109,109,122,122,122,122,122,122,122,122
O'Hare Inn & Suites,82,78,78,78,78,78,78,91,82,78,78,78,78,78,78,78,78,78,78,78
Sleep Inn Midway Airport Bedford Park,110,110,110,110,110,120,120,100,100,100,100,100,110,110,99,99,99,99,153
The Glen Club,157,157,157,157,157,157,157,157,157,157,157,157,157,157,157,157,157,157
Heart O' Chicago,93,93,93,93,93,105,105,105,105,93,93,93,105,93,93,93,93
Courtyard by Marriott Chicago Deerfield,129,129,169,179,169,139,119,119,119,139,179,169,169,139,139,179,209,229,219,189
Super 8 Morton Grove/Chicago,69,69,69,69,69,99,84,64,64,64,64,64,84,84,64,64,64,64,64
Comfort Suites Lombard - Addison,109,109,119,119,119,119,107,98,98,103,103,98,107,105,83,101,110,105,114
Extended Stay America - Chicago - Vernon Hills -Lincolnshire,95,95,100,100,100,85,95,90,90,71,90,95,95,119,119,90,133,109,95,100
Old Victorian Farmhouse Bed and Breakfast,
Comfort Inn North,94,99,99,99,99,119,119,105,105,105,169,109,109,109,109
Quality Inn & Suites,76,76,76,76,76,76,71,71,71,71,71
La Quinta Inn & Suites Chicago Downtown,169,149,239,189,159,159,159,159,159,159,159,169,209,179,249,249,249,199
The Homestead Evanston,140,140,140,140,140,140,140,140,140,140,140,140,140,140,140,140,140,140
Waldorf Astoria Chicago,395,345,375,345,375,345,375,375,308,292,292,292,292,356,435,308,300,308,421,472
Ramada Bolingbrook,75,85,90,85,90,90,76,76,64,76,72,76,76,68,76,76
W Chicago City Center,179,179,179,179,199,219,179,179,179,239,179,179,235,179,356,396,356,179
Holiday Inn Express Hotel & Suites a Lake Zurich-Barrington,129,122,131,122,122,122,134,139,115,124,129,133,129
Wingate by Wyndham Schaumburg / Convention Center,90,83,90,90,90,90,76,76,76,76,76,76,76,90,90,90,97,97,97,97
SpringHill Suites Warrenville by Marriott,149,149,149,119,139,139,109,109,129,149,129,103,149,149,149,103
Park Hyatt - Chicago,315,345,375,405,325,365,375,405,365,365,336,356,366,336,525,356,356,385,385,414
AC Hotel Chicago Downtown,169,149,259,189,169,179,219,179,149,169,189,159,269,319,189,209,209,219
Fairbridge Inn express,55,55,55,55,63,71,71,71,55,55,55,63,71,71,55,55,55,55,71
Hyatt Place Chicago/Lombard/Oak Brook,129,139,139,139,129,109,119,109,109,119,149,149,159,189,132,180,180,189,170
Courtyard by Marriott Chicago Naperville,119,154,154,184,184,134,109,98,94,94,109,124,103,116,116,154,139,164,130
Holiday Inn Chicago West - Itasca,99,94,104,114,119,99,85,85,85,109,109,109,99,90,94,112,121,130,103
Motel 6 Chicago N Central-Arlington Hgt,64,54,50,50,50,50,66,66,60,60,60,60,60,66,66,60,60,60,60,60
Best Western Morton Grove Inn,150,100,90,90,90,90,90,90,90,90,90,90,90,90,90,90
DoubleTree by Hilton Chicago - Oak Brook,89,116,161,188,188,103,103,103,103,103,103,103,103,143,143,103,179,188,127
Hyatt Place Chicago Midway Airport,199,239,239,259,259,239,209,178,195,195,212,212,195,178,178,195,195,212,212,195
Execustay At Amli Museum Gdns,
Days Inn Libertyville,81,70,70,70,70,70,85,72,68,68,68,68,72,72,72,68,68,68,68,72
Holiday Inn Chicago North Shore,130,130,130,130,115,120,105,96,105,124,124,134,132,122,132,132,140,140
Extended Stay America - Chicago - Schaumburg - I-90,75,65,70,70,70,65,75,81,62,66,66,66,62,71,81,62,66,66,66,62
Hampton Inn & Suites Chicago Schaumburg,
Hyatt Place Itasca,104,89,108,108,108,104,85,85,108,108,108,94,94,104,127,142,142,94
Holiday Inn Aurora,109,107,107,107,111,120,130,111,96,96,125,125,125,92,115,115,115,120
Wyndham Garden Schaumburg Chicago Northwest,109,109,109,109,109,109,109,87,87,87,87,87,87,87,82,82,82,82,82,82
Loews Chicago Hotel,219,229,259,259,259,199,199,199,199,199,199,199,239,259,189,259,279,259
Residence Inn by Marriott Chicago Bloomingdale,129,149,169,174,174,129,110,110,116,116,116,116,116,110,110,134,157,157,157,157
Hilton Chicago / Indian Lakes Resort,149,119,129,189,179,149,119,129,95,119,119,149,95,151,135,95,119,119,119,95
Hampton Inn Chicago Downtown/N Loop/Michigan Ave,149,149,209,199,135,135,169,135,135,135,135,135,199,151,219,189
Courtyard by Marriott Chicago Arlington Heights / South,99,109,129,119,109,109,99,119,109,79,99,99,99,119,129,109,159,179,159,99
Four Seasons Hotel Chicago,405,395,395,395,395,395,405,405,405,405,405,405,405,405,405,405,575,665,575,575
Motel 6 Chicago West - Villa Park,60,60,60,60,60,76,76,60,60,60,60,60,76,76,60,60,60,60,60
Extended Stay America Chicago - Midway,125,125,125,125,125,125,140,133,119,119,119,119,119,138,138,119,119,119,123,176
Dana Hotel and Spa,209,159,239,239,169,149,189,209,159,149,159,159,189,229,289,169,209,209,209,209
Aloft Chicago City Center,159,329,329,289,159,139,139,159,159,159,170,170,159,193,229,269,269,198
Hampton Inn Chicago/Westchester (Oak Brook),119,109,129,129,129,101,89,129,84,93,121,121,101,129,139,93,131,159,159,149
Chicago Marriott Southwest at Burr Ridge,110,189,239,179,139,122,139,139,179,189,189,159,159,199,239,239,239
Days Inn and Suites Schaumburg,80,70,75,75,75,75,80,68,59,64,64,64,64,68,68,59,64,64,64,64
Olde Court Inn,75,75,75,75,75,75,75,75,75,75,75,75,75,75,75,75,75,75,75,75
Carlton Inn Midway,139,129,129,129,129,129,129,129,129,129,129,129,129,129,129,129,129,129,129,129
Renaissance Chicago Downtown Hotel,259,289,309,289,209,178,178,209,209,229,229,229,212,212,249,329,349,309,309
Hilton Garden Inn Hoffman Estates,99,109,134,149,149,84,84,99,93,109,149,149,127,84,84,93,179,179,179,169
Country Inn & Suites By Carlson Crystal Lake IL,124,104,104,109,109,104,134,154,114,104,104,104,104,134,124,119,134,119,129
Silversmith Hotel Chicago Downtown,223,183,183,183,159,159,159,159,179,179,179,179,179,229,229
Margarita European Inn an Ascend Hotel Collection Member,149,149,149,159,134,144,180,127,132,132,142,127,170,189,143,143,143,152,170
Hilton Chicago / Northbrook,149,149,169,189,129,129,87,87,87,109,149,149,129,149,87,189,169,119
Extended Stay America Chicago - Buffalo Grove - Deerfield,85,90,90,90,90,95,90,85,71,71,85,85,85,109,109,95,109,85,85,85
Comfort Inn and Suites,129,94,104,106,80,76,149,139,82,88,88,93,144,83,83,83,95
The Palmer House Hilton,129,159,289,249,209,127,127,127,103,127,127,127,151,189,269,269,269,151
La Quinta Inn & Suites Chicago Tinley Park,169,99,95,105,95,95,169,169,115,109,109,109,135,169,169,109,109,105,105,119
Holiday Inn Chicago-Oakbrook,100,110,130,160,130,110,90,84,84,93,120,120,110,120,120,150,150,127,127
Fairfield Inn By Marriott Gurnee,139,159,149,139,134,170,134,139,134,134,134,174,129,134,154,134,129
Best Western Plus O'Hare International South Hotel,100,90,90,90,90,90,130,130,116,116,110,110,120,120,120,110,110,120,110,110
Radisson Hotel Chicago O'Hare,118,127,144,144,144,127,118,118,110,110,127,127,127,118,118,127,144,144,144,144
La Quinta Inn & Suites Chicago Gurnee,145,85,89,89,92,99,129,129,95,89,89,89,95,129,129,82,82,82,82,89
Hollywood Casino Joliet,199,95,85,85,85,85,145,145,145,85,85,85,85,169,99,85,85,85,85
Hyatt Regency O'Hare,159,159,229,189,169,119,129,119,109,109,129,129,159,149,179,179,209,229
Holiday Inn Chicago Midway Airport,190,230,230,228,228,219,171,154,189,189,198,198,189,154,154,189,189,198,198,220
TownePlace Suites by Marriott Chicago Schaumburg,
Extended Stay America Chicago - Burr Ridge,110,90,90,90,90,90,95,90,90,100,85,85,90,95,104,100,104,104,104,161
Rodeway Inn Lyons,65,65,65,65,65,65,65,65,65,65,65,65,65,65,65,65,65
Courtyard by Marriott Chicago Oakbrook Terrace,99,144,189,184,124,99,99,104,104,129,129,119,109,119,144,189,199,179,159
Embassy Suites - Chicago O'Hare - Rosemont,149,179,179,179,179,152,110,123,129,129,129,129,110,151,179,179,179
Super 8 Bridgeview/Chicago Area,70,70,80,80,110,125,93,93,93,93,93,93,102,102,102,93,93,93,102
Rodeway Inn,
City Suites Hotel,229,189,179,179,179,229,229,209,209,209,179,209,249,279,179,189,189,189,189
Crowne Plaza Hotel Chicago O'Hare,139,189,189,169,129,119,129,109,109,119,129,149,159,159,169,219
Holiday Inn Express Hotel & Suites Chicago South Lansing,140,153,153,153,139,153,136,136,136,132,163,180,140,150,150,150,145
Raffaello Hotel,119,159,249,159,159,229,229,179,169,129,159,199,189,299,129,179,189,189,249
JW Marriott Chicago,279,309,309,309,269,229,195,229,212,246,246,246,229,229,429,479,479,389
Hampton By Hilton Istanbul Zeytinburnu,
Extended Stay America - Chicago - Naperville - West,75,65,70,70,70,65,75,81,62,66,66,66,62,71,81,66,66,66,66,66
Hotel Burnham a Kimpton Hotel,188,170,242,206,170,179,179,170,170,170,170,170,206,224,170,251,224
Hotel Chicago Downtown Autograph Collection,169,249,199,179,169,159,149,178,178,169,199,269,169,279,329,359,199
Fairfield Inn & Suites Joliet North/Plainfield,120,160,160,120,120,120,110,110,140,140,150,160,160
Super 8 Mokena/Frankfort /I-80,99,70,70,70,70,70,99,99,65,70,65,65,60,99,99,65,70,65,70,70
Hampton Inn & Suites Chicago Deer Park,144,129,129,129,129,110,114,159,110,129,129,129,110,110,149,154,179,179,154
La Quinta Inn & Suites Bolingbrook,121,81,81,81,81
Homewood Suites by Hilton Orland Park,169,149,149,169,199,144,144,161,161,161,144,144,169,169,169,144
Bishops Hall,235,175,265,175,235,235,175,175,175,175,175,235,175,175,235,265
Hampton Inn Chicago Saint Charl,119,129,139,110,159,159,101,109,109,109,159,119,101,119,159,159,135
La Quinta Inn Chicago Hoffman Estates,95,79,79,79,79,79,79,85,89,89,85,85,89,79,79,85,89,89,89,89
Country Inn & Suites By Carlson Prospect Heights IL,109,99,124,114,109,109,109,93,93,93,84,84,84,97,97,88,97,97,97,97
Comfort Inn Romeoville,85,120,120,120,120,130,110,102,119,119,119,119,112,96,96,96,96
Elk Grove Hotel,80,80,80,80,80,80,80,80,80,80,80,80,80,80,68,68,68,68,68,68
Amber Inn,100,100,100,100,110,100,110,100,100,100,100,110,110
Hawthorn Suites by Wyndham Northbrook Wheeling,105,94,94,94,94,94,94,94,94,94,94,94,94,94,94,105
The Godfrey Hotel Chicago,115,209,149,199,177,143,149,169,179,189,249,129,219,229,199,229
Aloft Bolingbrook,110,106,132,169,159,106,110,139,110,118,150,165,123,135,135,115,140,155,155,115
TownePlace Suites by Marriott Chicago Lombard,124,149,164,154,134,89,104,119,119,134,144,164,119,164,164,164,164
Chicago Guest House on Newport Avenue,
The Blackstone Renaissance Chicago Hotel,229,229,259,229,229,229,229,199,199,199,199,199,189,289,314,289,289
Renaissance Schaumburg Convention Center Hotel,159,179,209,219,239,169,149,134,139,139,139,139,139,139,129,189,229,309,209
Courtyard by Marriott Chicago Bloomingdale,119,134,154,159,154,109,107,107,109,109,109,109,109,107,95,124,149,149,149,124
Ramada Waukegan/Gurnee,62,62,62,62,89,109,61,61,61,61,84,84,82,61,61,61,61,84
Pheasant Run Resort,119,119,119,119,99,129,139,139,129,169,169,169,169,159,149,149,149,119,129
TownePlace Suites Chicago Naperville,130,150,200,150,140,140,140,140,126,150,150,150,135
Wyndham Glenview Suites Chicago North,139,109,149,127,127,93,101,101,101,93,93,93,153,111,118,93,127,127,127,127
DoubleTree by Hilton Wood Dale-Elk Grove,99,109,159,149,95,79,87,87,119,119,87,79,79,87,159,159,95
Hampton Inn McHenry,149,124,129,129,129,105,149,149,105,124,124,124,105,149,149,105,124,149,149,105
Courtyard Chicago Midway Airport,190,230,230,240,240,230,180,180,187,187,195,195,187,180,153,187,187,195,195,187
Clarion Inn S Holland,
Extended Stay America - Chicago - Lisle,85,65,70,70,85,65,75,100,62,66,76,81,66,81,100,66,66,66,71,66
Great Lakes Motel,60,60,60,60,70,75,75,60,60,60,65,75,75,75,60,60,60,65,75
Chicago Marriott Northwest,110,160,160,180,180,160,110,110,160,160,180,180,160,110,110,160,160,180,160
Hilton Orrington / Evanston,229,169,169,169,169,135,135,143,135,169,169,169,135,209,269,170,170,189,199
Embassy Suites Chicago Downtown Magnificent Mile,199,169,195,199,161,195,274,229,229,169,169,169,269,161,249,269,249,212
Fairfield Inn & Suites by Marriott Chicago Naperville/Aurora,120,140,160,160,130,120,108,99,99,99,99,99,126,126,126,126,126
Chicago Premier Suites,
Ohio House Motel,108,108,144,126,90,162,189,121,105,81,105,113,207,207,97,97,121,121,121
DoubleTree by Hilton Chicago - Schaumburg,74,129,169,169,169,103,79,79,95,139,139,139,95,87,87,103,169,169,103
Holiday Inn Express Hotel & Suites Chicago West-O'hare Arpt,110,134,134,134,129,134,134,120,114,117,117,114,127,136,117,122,127,127,117
Super 8 Mundelein/Libertyville Area,100,75,75,75,75,75,100,85,85,72,72,72,85,85,85,72,72,72,72,85
Wingate by Wyndham Tinley Park,130,130,150,145,130,185,136,110,123,123,110,140,110,110,123,123,110
Congress Plaza Hotel,189,159,159,159,159,159,159,159,149,139,139,139,139,179,189,179,179,139,149,139
Waterfront Hotel and Marina,84,84,84,84,125,125,84,84,84,84,107,107,84,84,84,84,84
Hampton Inn Chicago - O'Hare,109,164,164,129,110,93,119,109,109,109,109,101,93,93,110,159,169,169,169
Clarion Inn Elmhurst - Oakbrook,131,119,119,119,119,129,139,98,98,108,108,108,136,101,101,101,101,101
Howard Johnson Waukegan Great Lakes,89,69,59,69,79,79,79,67,67,67,67,59,59,67,67,59,59,59,59,59
Sofitel Chicago Water Tower,215,235,211,211,202,202,211,193,211,211,211,265,265,202,229,247,265
Club Quarters Hotel Wacker at Michigan,144,124,194,184,112,130,193,121,103,114,174,157,157,130,184,254,254,166
Best Western Plus Chicago Hillside,149,99,119,119,119,109,129,129,119,99,119,119,119,110,101,101,101,101,101
The Willows Hotel,239,179,179,179,209,229,189,179,169,189,179,189,189,189,209
theWit Chicago - a DoubleTree by Hilton Hotel,209,229,309,339,229,159,159,159,159,159,183,209,183,183,167,231,289
The Drake Hotel,239,232,322,163,232,163,163,163,163,163,163,186,186,263,282,246
The Gwen a Luxury Collection Hotel Chicago,151,299,469,289,143,151,175,151,189,209,229,167,199,239,199,329,349,359,215
Springhill Suites by Marriott Chicago Elmhurst,109,129,159,139,139,109,98,107,98,125,125,134,134,134,116,143,143
Jaslin Hotel,149,129,129,129,129,149,149,149,149,149,149,149,149,149,164,164,164,142,142,142
Comfort Suites Chicago Schaumburg,119,84,89,93,93,80,84,99,104,88,88,88,88,101,101,97,97,97,97,114
Gateway Inn,85,85,85,85,85,89,95,85,85,85,85,85,89,89,85,85,85,85,85
Quality Inn & Suites Elk Grove Village/O'Hare,65,75,75,75,75,70,70,70,70,75,75,75,75,75,75,75,75,75,75
The Sono Chicago,199,179,179,199
Residence Inn Chicago Lake Forest/Mettawa,129,169,219,169,139,118,118,139,169,189,144,159,161,239,161
Steps to Everything WRIGLEYVILLE SUITE ID #50,
Courtyard by Marriott Chicago O'Hare,129,159,189,189,189,129,129,129,129,129,149,149,149,139,125,161,161,161,161,161
Courtyard Chicago St. Charles,149,159,139,139,119,149,119,119,129,129,129,149,149,149
Write Inn Hotel,159,129,129,129,129,129,159,159,129,129,129,129,129,159,159,129,129,129,129,129
Hotel Blake an Ascend Hotel Collection Member,179,159,239,239,189,159,179,189,159,149,159,179,179,199,169,219,239,239,199
Staybridge Suites Chicago - Glenview,120,145,160,165,165,150,120,109,109,109,131,131,131,109,109,127,149,185,154
Radisson Hotel Schaumburg,85,89,97,97,97,89,89,89,89,89,97,97,89,89,87,87,107,107,107,107
Fairfield Inn and Suites by Marriott Chicago Midway Airport,190,210,210,220,220,210,170,170,210,210,220,220,210,170,153,189,189,198,198,189
Motel 6 Chicago O'hare - Schiller Park,80,64,64,60,60,76,90,90,86,76,60,60,60,80,80,60,60,60,60,66
Chicago Marriott Suites O'Hare,179,179,206,229,183,139,111,111,139,139,143,143,143,127,127,159,212,212,259,212
Motel 6 Chicago Southwest - Aurora,70,56,56,56,56,56,74,74,60,56,56,56,56,70,76,56,56,56,56,56
Baymont Inn & Suites Chicago/Calumet City,100,90,90,90,90,90,90,90,90,90,90,90,90,90
Hampton Inn Chicago/Naperville,104,104,134,154,124,119,109,124,94,94,119,119,154,124,88,154,154,154,119
Magnuson Hotel Calumet Park,74,74,74,74,74,74,74,74,91,91,74,74,74,74
Best Western Naperville Inn,130,80,85,85,90,90,110,110,100,80,80,80,90,110,110,80,90,90,90,90
Best Western River North Hotel,140,110,110,140,140,110,160,160,120,160,190,170,170,130,160,160,160,120
Country Inn & Suites By Carlson Elgin IL,93,105,99,99,99,99,108,112,112,92,96,98,106,138,142,95,115,123,200,200
Extended Stay America Chicago - Itasca,85,70,80,75,75,70,80,81,66,71,71,71,66,76,81,66,71,71,71,66
Country Inn & Suites By Carlson O'Hare South,84,76,109,109,109,119,119,119,119,119,119,119,119,119,119,101,119,119,119,119
Sheraton Suites Chicago Elk Grove,107,116,116,116,116,107,107,107,107,107,107,107,107,107,101,116,116,116,125,110
Hotel Lincoln,199,199,199,199,229,399,299,479,199,199,209,229,189,219,289,199,209,289,289,229
Country Inn & Suites By Carlson Gurnee,149,144,144,129,124,124,149,149,124,124,124,124,124,149,149,124,124,124,124,124
Wyndham Grand Chicago Riverfront,161,179,179,197,197,179,161,161,170,179,209,249,209
Extended Stay America - Chicago - Westmont - Oak Brook,85,90,85,85,85,85,85,81,81,81,81,81,81,81,81,81,81,81,81,109
The Langham Chicago,395,395,395,525,395,395,395,395,333,333,333,376,376,395,450,395,460,460,525,529
La Quinta Inn Chicago O'Hare Airport,100,85,79,79,79,79,79,79,79,85,85,85,85,85,85,85,79,85,85,85
Candlewood Suites Elgin,110,110,110,110,110,86,86,86,86,96,96,96,110,110,96,96,96,96,96
La Quinta Inn & Suites Bannockburn-Deerfield,135,139,139,139,139,135,139,169,169,169,169,169,169,169,145,155,135,139,135,129
Hilton Lisle/Naperville,139,129,159,169,169,149,103,103,129,169,169,131,103,159,189,134
Furnished Suites Heart of River North,249
Hampton Inn & Suites Chicago Southland-Matteson,129,119,129,129,110,101,169,110,110,110,110,110,179,101,101,127,127,101
Harvey House Bed & Breakfast,275,220,250,199,199,250,250,250,220,199,199,199,250,250,219,199,220,250,199
Springhill Suites by Marriott Chicago/Burr Ridge,149,169,189,179,139,124,134,134,139,139,139,139,159,189,189,189,169
Sybaris,
Holiday Inn Express Chicago NW - Vernon Hills,114,144,156,166,133,104,99,114,112,112,112,130,126,144,148,189,126
Swissotel - Chicago,175,191,223,159,199,239,175,175,175,191,175,191,223,247,271,279,223,215
Quality Inn,
Extended Stay America - Chicago - O'Hare,115,100,100,95,95,90,105,104,95,90,95,90,85,114,114,85,85,85,85,85
Hilton Chicago/Oak Brook Suites,129,169,169,189,129,95,95,119,159,159,111,135,143,179,189,199,169
Residence Inn by Marriott Chicago Downtown / River North,150,140,250,210,140,140,160,170,170,170,180,180,180,210,210,235,235,240
Virgin Hotels Chicago,209,209,239,299,279,199,199,224,194,131,143,179,194,233,266,185,242,314,251,266
DoubleTree by Hilton Chicago - North Shore Conference Center,199,159,169,169,127,127,111,111,103,103,119,119,127,135,135,135,135,143,143,127
The Drake Hotel Oak Brook,119,114,149,149,149,119,149,159,119,119,119,119,119,199,199,159,179,179,179,179
Executive Inn and Suites,60,55,55,60,60,56,60,60,55,55,55,60,60,60,60,55,55,55,60
Homewood Suites by Hilton Chicago - Schaumburg,119,119,139,159,179,119,119,119,101,101,101,101,101,129,129,118,159,179,179,179
Chicago's Essex Inn,129,89,139,219,139,109,199,199,149,99,99,139,129,199,329,129,179,179,179,169
Welcome Inn Manor,
Holiday Inn Chicago Nw Crystal Lk Conv Ctr,139,94,104,104,104,104,133,114,80,85,85,85,85,117,146,92,108,108,108,108
Oakwood 200 Squared,
Super 8 Chicago,180,180,150,150,150,150,150,150,150,150,150,150,150,150,150,127,127,127
The Majestic Hotel,169,169,169,169,259,279,199,229,199,189,259,249,269,189,189,189,189,189
Hotel Baker,
Holiday Inn Express & Suites Chicago North Shore - Niles,
Holiday Inn Express Chicago-Magnificent Mile,99,169,164,169,234,149,109,109,164,119,149,189,129,199,222,191,191
Best Western Joliet Inn & Suites,115,115,115,115,115,115,115,115,115,115,170,170,170,170,110,110,110,110
Super 8 Chicago Northlake O'Hare South,70,80,80,80,80,120,120,110,80,80,80,80,110,110,80,80,80,80,80
Hilton Garden Inn Chicago/North Loop,159,199,199,152,203,212,135,179,179,179,152,259,199,299,219,152
The Penthouse At Grand Plaza,
Holiday Inn Chicago-Tinley Park-Convention Center,179,129,169,199,189,214,171,126,126,126,126,126,153,135,126,126,126,135
Courtyard Chicago Highland Park/Northbrook,189,169,119,129,119,119,159,199,109,109,119,119,129,139,142,101,125,152,134,118
Hotel Monaco Chicago a Kimpton Hotel,169,135,195,365,169,135,152,178,169,152,152,169,169,212,237,152,271,271,271,263
Freehand Chicago,180,109,127,127,127,127,158,176,149,123,129,129,129,174,239,169,199,199,199,209
Hilton Chicago/Oak Lawn,179,169,169,169,169,122,139,179,87,93,144,144,135,161,161,147,161,161,161,135
Days Inn Elk Grove Village/Chicago/OHare Airport West,79,80,65,85,75,75,99,67,59,64,72,55,64,67,59,59,64,64,64,64
North Aurora Hotel,63,65,65,65,65,65,70,70,70,65,65,65,65,70,70,65,65,65,65,65
The Hyatt Lodge at McDonald's Campus,159,159,199,179,179,169,159,199,159,179,179,179,169,159,159,159,169
Hyatt House Chicago/Evanston,169,161,161,161,161,151,170,151,142,142,151,151,199,227,170,180,199,199,237
Residence Inn By Marriott Chicago Deerfield,149,199,199,199,149,149,149,149,199,149,149,199
Embassy Suites Chicago - Schaumburg - Woodfield,139,109,139,189,139,93,76,110,110,149,109,129,110,110,101,93,179,189,189,161
Baymont Inn & Suites Chicago/Aurora,84,74,74,74,74,74,89,89,74,74,69,74,74,89,89,69,69,69,74,69
La Quinta Inn & Suites Chicago - Lake Shore,209,149,159,169,159,159,179,189,179,154,154,154,154,169,189,159,164,164,164,169
Lexington Inn & Suites-Chicago West/Elgin,65,65,65,65,65,70,72,65,65,65,65,65,70,70,65,65,65,65,65
Old Chicago Inn,
Hyatt Regency Deerfield,139,149,169,169,169,129,99,94,94,113,161,161,161,123,123,189,218,227,227,199
Luxury Apartments in Chicago,
Super 8 St Charles,70,70,70,70,70,75,75,70,70,70,70,70,75,75,70,70,70,70,70
Hyatt Place Chicago/O'Hare Airport,109,149,134,134,134,134,98,98,116,116,116,116,116,116,116,134,134,134,134,134
Extended Stay America - Chicago - Elmhurst - O'Hare,80,80,95,80,80,100,105,100,100,100,100,100,100,81,100,76,85,95,90,90
Marriott Chicago Schaumburg,109,149,169,169,169,139,99,99,119,119,119,119,129,99,99,159,189,219,219,159
Courtyard by Marriott Chicago Schaumburg,125,129,179,179,179,129,115,95,95,139,139,139,119,99,99,119,169,209,139
Motel 6 Waukegan Il,53,53,53,53,53,66,70,59,53,53,53,53,59,59,53,53,53,53,53
The Champagne Lodge & Luxury Suites,767,88,88,99,99,99,199,333,248,233,118,118,118,188,333,118,118,118,118,118
Aurora Fox Valley Inn,65,65,65,65,65,65,65,65,65,65,65,65,65,65,65,65,65,65,65
Hawthorn Suites by WY Chicago Schaumburg,79,91,91,91,91,91,91,91,91,91,91,91,91,91,91,91,71,75,75,71
Courtyard by Marriott Chicago Magnificent Mile,140,220,140,150,140,140,140,140,140,220,240,185,200,230,230,210
Steps To Everything - Wilmette 60,
Holiday Inn Express Chicago-Downers Grove,84,94,104,114,114,90,80,101,73,73,89,89,173,173,89,116,135,135,119
HYATT house Chicago/Schaumburg,99,129,139,159,159,129,94,109,109,109,119,119,109,109,109,139,169,179,159,149
Quality Inn & Suites South,99,99,99,99,99,109,93,84,88,88,88,127,87,87,87,87
Extended Stay America Chicago - Skokie,120,110,110,110,110,110,120,104,109,100,104,104,104,119,119,104,104,104,104,104
Red Carpet Inn Great Lakes,53,53,53,53,60,60,60,53,53,53,53,60,53,53,53,53
Days Inn Great Lakes - North Chicago,95,95,95,120,96,91,68,63,63,63,63,109,111,68,63,63,63,63,111
Radisson Blu Aqua Hotel Chicago,209,201,249,269,209,199,252,233,199,199,199,199,230,236,292,409,242,296
Motel 6 Naperville IL,55,48,48,48,48,48,60,63,60,60,50,50,50,60,60,50,50,50,50,50
Hotel Chicago Illinois Medical District,109,89,89,89,99,99,99,99,99,99,99,149,179,179,119,179,179
Best Western Plus Hawthorne Terrace Hotel,467,190,170,210,230,210,190,190,210,190,190,190,190,190,290
Holiday Inn Express Hotel & Suites Chicago-Algonquin,114,90,94,94,94,94,94,129,129,90,90,90,90,126,144,84,84,92,116,84
Hyatt Regency Schaumburg Chicago,99,149,152,152,152,98,98,98,98,98,125,125,125,98,98,143,170,197,197,143
Holiday Inn Express & Suites Aurora - Naperville,229,105,110,115,115,115,112,99,99,99,113,135,153,108,113,113,113,108
Country Inn & Suites By Carlson St. Charles,159,94,94,94,94,94,149,149,139,139,139,139,139,149,139,139,139,139,139
Red Roof PLUS+ Chicago - Willowbrook,85,85,85,85,85,85,85,85,85,85,85,85,103,103,85,85,85,85,94
Corporate Suites in the Heart of Magnificent Mile,425,325
Americas Best Value Inn - Barrington/Chicago West,70,70,60,60,60,60,70,70,70,70,70,60,60,70,70,70,60,60,60,60
Staybridge Suites Lincolnshire,115,140,190,190,180,143,100,100,105,134,134,134,134,153,153,177,186
Fairfield Inn by Marriott Joliet South,139,179,159,159,139,103,103,94,94,125,139,152,127,144,144,118
Holiday Inn Chicago - Elk Grove,79,109,114,114,108,81,81,72,75,71,126,119,85,108,126,135
Days Inn Alsip,71,71,71,71,71,71,71,71,71,71,71,71,71,71,71,71
Hilton Rosemont Chicago O'Hare,159,219,209,179,111,103,149,139,109,129,139,139,159,199,143,179
Marriott Chicago at Medical District/UIC,129,149,209,229,169,129,116,116,152,152,152,169,242,152
Hampton Inn & Suites Chicago Downtown,127,135,179,199,159,159,159,131,145,143,143,188,169,197,197,197,197
Holiday Inn Express Chicago NW - Arlington Heights,129,114,119,124,114,105,95,114,105,95,99,109,99,104,118,99,118,145,145,109
Navy Pier Suite ID # 31,
The Westin Chicago River North,263,220,331,526,254,178,219,269,178,178,195,212,195,199,212,269,263,329,329,169
The Penthouse at Grand Plaza,
Comfort Inn & Suites Geneva,114,134,131,119,129,169,109,104,109,114,119,129,97,97,123,111,106
Hampton Inn & Suites Chicago/Lincolnshire,99,139,159,159,135,84,84,84,84,110,110,110,135,199,199,135
Embassy Suites Chicago Downtown,199,149,199,149,199,239,199,199,149,199,144,239,110,239,239,299
Holiday Inn Express & Suites Chicago West-Roselle,94,89,109,149,124,94,89,119,85,85,94,99,104,104,116,89,125,134,134,116
Chicago Lake Shore Hotel,149,119,119,119,119,119,159,159,119,119,129,119,119,159,159,101,101,101,101,101
Hard Rock Hotel Chicago,199,169,279,269,224,134,188,188,170,134,161,134,143,188,215,161,206,224,224,206
Hampton Inn Chicago - Gurnee,119,149,127,127,127,127,149,149,127,127
Holiday Inn Chicago - Countryside / Lagrange,140,150,169,169,159,149,130,130,121,112,112,112,145,154,127,154,163,163,163
HI Chicago,103,103,103,101,110,132,132,121,121,119,121,131,119,121,121,121,131
DoubleTree by Hilton Chicago - Arlington Heights,129,139,159,159,159,119,109,109,109,129,129,129,129,139,159,118
Inn at Lincoln Park,179,139,139,139,139,179,169,159,129,129,129,129,169,129,129,129,129,159
Villa Celeste,
Days Inn Harvey IL,85,60,60,60,60,60,90,110,60,60,60,60,60,80,80,60,60,60,60,60
Fairfield Inn & Suites by Marriott Chicago Naperville,119,119,139,139,99,99,99,99,99,99,99,129,119,139,149,149,119
Ivy Hotel,179,129,159,169,169,169,239,289,159,159,159,199,159,269,169,189,239
Motel 6 Elk Grove Village,46,46,46,46,46,65,65,60,55,46,46,46,52,52,46,46,46,46,46
Extended Stay America Chicago - Vernon Hills - Lake Forest,85,100,115,100,85,85,81,81,71,81,85,95,90,100,90,133,104,119,95
Hampton Inn Joliet I-80,149,189,127,109,118,109,109,149,189,159,189,189,127
Extended Stay America Chicago - Gurnee,75,85,85,85,85,100,119,119,119,81,81,90,109,114,81,81,81,81,81
Residence Inn by Marriott Chicago Schaumburg,109,139,179,179,189,169,109,109,109,139,139,139,139,119,119,129,199,199,199,199
Courtyard Chicago Waukegan Gurnee,199,129,139,189,116,116,143,116,129,129,129,116,161,161,125,149,229,229,134
Hilton Garden Inn Chicago/Midway Airport,190,240,240,260,260,240,153,180,230,230,240,240,230,153,153,230,230,240,240,195
Red Carpet Inn,60,50,50,50,50,50,65,65,65,60,50,50,50,60,65,50,50,50,50,50
Sunset Motel,70,70,70
Best Western Inn & Suites - Midway Airport,140,110,110,110,110,110,140,140,140,93,93,93,93,140,140,93,93,93,93,119
Central Loop Hotel,134,114,204,202,103,130,139,139,103,103,130,130,148,202,121,166,238,139
Baymont Inn & Suites Gurnee,79,79,79,79,107,117,116,94,87,87,87,90,125,161,109,109,109,109,119
Super 8 East Hazel Crest,
W Chicago Lakeshore,169,229,269,189,161,199,161,179,152,152,154,210,249,165,203,203,435,289
Motel 6 Chicago North - Glenview,56,56,56,56,64,70,70,64,64,56,56,56,66,66,56,56,56,56,56
Sheraton Lisle Hotel,129,149,149,149,149,149,101,101,101,119,139,139,139,119,119,127,127,152,144,127
Springhill Suites By Marriott Chicago Lincolnshire,109,159,159,154,124,109,109,109,109,139,139,139,142,118,161,203,118
Courtyard Chicago Arlington Heights/North,89,89,99,99,80,80,98,80,89,89,89,80,98,107,89,109,139,149,80
Wrigley Hostel,200,84,84,84,84,84,200,200,120,120,120,120,120,200,200,120,120,120,120,120
Chicago Old Colony,111,111,111,111,111,160,172,180,180,180,180,180,215,215,212,237,237,237,237
Oakwood At Park Meadows,
The Inn at Market Square,
Hyatt Place Chicago/ Schaumburg,109,129,159,179,179,129,119,123,132,104,142,142,123,123,132,123,161,170,227,142
The James Chicago,209,209,209,209,209,212,195,169,178,178,186,220,246,186,212,246,280,229
Chicago Marriott Oak Brook,139,179,209,229,199,159,139,139,139,189,189,179,149,184,189,269,269,239,179
Red Roof Inn Chicago - Northbrook/Deerfield,62,62,62,62,62,67,67,67,62,62,62,62,67,82,62,62,62,62,62
Days Inn Lansing South,
Country Inn & Suites By Carlson Schaumburg,110,124,144,144,139,119,119,109,109,115,115,129,139,118,110,110,110,110,110
Best Western Plus Glenview-Chicagoland Inn & Suites,120,112,117,134,138,109,105,106,105,100,105,112,105,111,119,105,140,130,141,138
Inn of Chicago an Ascend Hotel Collection Member,125,98,98,98,98,82,104,101,101,89,101,118,152,118,169,169,169,169
Hyatt Regency Lisle near Naperville,125,139,145,165,145,139,139,139,125,125,135,135,139,125,125,125,145,165,155,139
Springhill Suites By Marriott Bolingbrook,139,129,169,139,114,114,114,123,157,157,149,114,166,114
KeyLime Cove Indoor Waterpark Resort,190,170,180,180,180,170,190,210,170,150,150,150,170,190,210,170,150,150,150,170
The Villa Toscana,138,138,144,139,149,149
Comfort Inn,90,124,139,114,90,110,100,100,100,100,110,100,100,100,100
Extended Stay America - Chicago - Lombard - Oakbrook,75,75,75,75,75,75,75,81,71,71,71,71,71,71,76,71,71,71,71,71
Hilton Chicago- Michigan Ave Cultural Mile,183,135,339,339,151,135,151,189,151,135,151,135,151,151,159,249,199,199,159
MileNorth Hotel,139,159,179,149,132,180,203,189,142,116,116,143,206,242,195,195,212,186,237
Comfort Suites Michigan Avenue Loop,169,179,199,199,139,169,199,179,209,169,169,209,279,179,219,251,287,224
Motel 6 Melrose Park,71,71,71,71,71,71,76,76,71,71,71,71,71,76,76,71,71,71,71,71
PUBLIC Chicago,224,179,179,179,179,179,211,237,179,179,179,179,179,302,327,192,192,237,237,198
Motel 6 Chicago Northwest - Palatine,54,54,54,54,54,54,54,54,54,54,54,54,54,54,54,54,54,54,54,54
Harrah's Joliet Casino & Hotel,256,94,110,125,170,159,249,218,81,81,81,259,81,81,109,81,81
Renaissance Chicago North Shore Hotel,157,121,152,172,142,121,119,107,98,101,122,132,121,129,169,121,142,142,142,121
La Villa Motel,65,65,65,65,65,65,65,65,65,65,65,65,65,65,65,65,65,65,65,65
Millennium Park Corporate Apartments,108,89,89,89,89,108,117,117,112,128,162,112,112,99,99,99
Extended Stay America - Chicago - Downers Grove,75,75,75,75,75,75,75,71,71,71,71,76,71,71,71,71,71,71,71,71
Quality Inn Midway Airport,119,119,119,119,119,129,119,119,119,119,119,119,107,107,107,107,119
Roscoe Village Guesthouse,
Le MÃ©ridien Chicago - Oakbrook Center,119,219,219,269,199,129,129,139,129,159,199,199,189,139,139,219,219,199
Miami Inn & Suites,80,50,50,50,50,50,75,75,75,65,65,65,65,75,65,65,65,65,65,65
SpringHill Suites by Marriott Chicago Waukegan/Gurnee,159,136,149,169,149,149,129,129,114,122,122,149,131,166,202,202,149
The Buckingham Athletic Club & Hotel,250,189,199,199,199,175,175,175,175,175,250,250,250,250,250,275
Regency Inn of Naperville,58,58,58,58,58,65,65,65,65,58,58,58,58,58,58,58,58,58,58
Chicago Marriott Naperville,149,159,179,209,169,149,149,149,129,129,169,189,169,149,159,169,209,269,209
The Ritz-Carlton Chicago,349,349,389,349,349,349,314,314,314,314,314,314,314,314,359,359,359,359,359
Club Quarters Hotel Central Loop,134,114,204,224,103,130,139,139,103,114,164,148,148,202,121,166,264,166
Execustay Millennium Prk Plaza,
State and Grand by BridgeStreet,
Hotel Felix Chicago,99,139,189,149,129,149,199,139,109,119,119,119,169,209,109,189,189,199,199
Extended Stay America Chicago - Darien,85,85,85,85,85,85,85,95,81,100,81,81,81,100,100,81,81,81,81,81
Hilton Garden Inn St. Charles,129,209,110,119,119,101,119,119,119,122,119,101,101,159,189,129,101
Holiday Inn Express & Suites Waukegan,90,110,148,134,124,144,124,91,104,114,215,150,81,104,140,145,136
Victorian Rose Garden,119,119,114,114,114,114,114,114,119,114,114,114,114,114,114,114,114,114
Hampton Inn & Suites Aurora,129,139,139,139,139,118,110,110,118,129,129,129,118,149,118,118,125,125,125,118
Hampton Inn Chicago Downtown/Magnificent Mile,199,159,289,289,214,195,244,182,218,146,146,182,183,179,259,259,259,259
Candlewood Suites Chicago-Waukegan,129,89,109,131,129,139,114,94,99,104,118,142,90,104,141,144,123
Red Roof Inn Chicago - Joliet,108,62,62,62,62,62,90,90,76,81,81,81,96,176,81,81,81,81,81
Travelodge Waukegan Gurnee,75,60,60,60,60,60,65,55,59,51,51,51,51,64,55,51,51,51,51,51
Chicago Marriott Suites Downers Grove,129,159,219,239,169,149,119,116,139,139,159,159,159,125,125,159,199,289,239,169
The Mansion Bed & Breakfast,179,199,199,179
Hilton Chicago/Magnificent Mile Suites,149,179,199,299,179,159,159,199,179,179,179,199,159,199,199,239,239,249,249
Staybridge Suites Chicago-Oakbrook Terrace,108,134,169,204,169,169,114,110,110,110,147,147,194,128,139,142,161,188,188,197
Chicago Guest House on Lakewood Avenue,
Best Western Grant Park Hotel,165,99,145,145,129,109,169,129,119,99,129,129,229,107,116,128,143,152
Trump International Hotel & Tower Chicago,312,395,445,445,395,395,395,395,356,316,316,316,316,404,404,356,356,356,525,495
Hilton Garden Inn Schaumburg,145,129,149,139,109,109,71,84,129,129,139,115,115,145,129,209,125
Hyatt Rosemont Near O'Hare,149,139,189,199,169,139,139,139,119,109,129,129,139,149,149,169,199,239,239,199
Comfort Suites Lansing,105,105,105,105,100,195,176,105,108,95,95,95,176,156,84,84,84,84,84
Econo Lodge,56,65,65,65
Residence Inn Chicago Downtown/loop,209,199,599,269,189,189,189,189,199,199,199,199,209,188,199,329,349,349,249
Holiday Inn Express Rolling Meadows - Schaumburg Area,100,105,105,105,105,96,96,97,102,102,88,88,88,95,95,93,93,109,109,110
Howard Johnson Inn and Suites Elk Grove Village OHare,60,60,65,65,80,80,77,68,68,68,77,59,64,68,59,59,59,64,55
Sheraton Chicago O'Hare Airport Hotel,139,159,178,203,169,99,99,99,99,99,99,109,109,118,139,169,169,199,189
Ruby Room,200,130,130,130,140,190,170,150,150,150
